song,youtube,act,scene,group,start_time,stop_time,fade_in,fade_out,pos
Ullam Rendum Undru,https://www.youtube.com/watch?v=9rEU8VyAzJw,1,1,Groom Parents Duet,0:04,1:09,0.50,2.00,1
Idicha Pacharisi,https://www.youtube.com/watch?v=jm73Yg-zkSU,1,2,Chennai Super Sisters,0:00,1:33,0.50,2.00,1
Rowdy Baby,https://www.youtube.com/watch?v=fThQ9vt9W-Q,1,2,Chennai Super Sisters,0:08,1:44,0.50,2.00,2
Aadharu Udharu,https://www.youtube.com/watch?v=misuAYV7Z2s,1,3,Groom's Cousins,0:09,2:53,0.50,2.00,1
Aadharu Udharu,https://www.youtube.com/watch?v=misuAYV7Z2s,1,3,Groom's Cousins,3:33,4:18,0.50,2.00,2
Sarattu Vandiyila,https://www.youtube.com/watch?v=gjW7UuyMfZU,1,4,Bride's Cousins,0:00,1:28,0.50,2.00,1
Singapenney ,https://www.youtube.com/watch?v=nRphKLyZdGE,1,4,Bride's Cousins,0:31,1:26,0.50,2.00,2
Valayapatti,https://www.youtube.com/watch?v=NnEJCIVrf1o,1,4,Bride's Cousins,0:27,1:08,0.50,2.00,3
Valayapatti,https://www.youtube.com/watch?v=NnEJCIVrf1o,1,4,Bride's Cousins,5:07,5:36,0.50,2.00,4
Ummachi Ummachi,https://www.youtube.com/watch?v=9Zv56dwc53o,2,1,Groom's Family Song,0:00,2:13,0.50,2.00,1
Unnai Arinthal,https://www.youtube.com/watch?v=_e-ZyZheUGg,2,2,Bride's Family Song,1:33,1:56,0.50,2.00,1
Unnai Arinthal,https://www.youtube.com/watch?v=_e-ZyZheUGg,2,2,Bride's Family Song,2:26,3:03,0.50,2.00,2
Annathe Adurar,https://www.youtube.com/watch?v=KQyVepqompI,2,2,Bride's Family Song,0:12,1:06,0.50,2.00,3
Kadhalikum Pennin,https://www.youtube.com/watch?v=3yoZFk7wBqE,2,2,Bride's Family Song,0:07,0:48,0.50,2.00,4
Podango,https://www.youtube.com/watch?v=EMCQdOPgE0A,2,3,Groom - Friends,0:00,2:31,0.50,2.00,1
Yaaro Yarodi,https://www.youtube.com/watch?v=JtFZPI7V-14,2,4,Bride - Friends,0:00,0:31,0.50,2.00,1
Yaaro Yarodi,https://www.youtube.com/watch?v=JtFZPI7V-14,2,4,Bride - Friends,4:02,4:31,0.50,2.00,2
Signore Signore,https://www.youtube.com/watch?v=K1nCp3_3uxw,2,4,Bride - Friends,0:09,1:30,0.50,2.00,3
Dil Chori,https://www.youtube.com/watch?v=xWi8nDUjHGA,2,4,Bride - Friends,0:07,1:19,0.50,2.00,4
London Thumakada,https://www.youtube.com/watch?v=N5bELC8MXeU,2,4,Bride - Friends,0:00,1:28,0.50,2.00,5
London Thumakada,https://www.youtube.com/watch?v=N5bELC8MXeU,2,4,Bride - Friends,3:15,3:50,0.50,2.00,6
Oruvan Oruvan Mudhalali,https://www.youtube.com/watch?v=N5aR0lyXIkU,2,5,Semantics3,0:41,1:48,0.50,2.00,1
CEO in the House,https://www.youtube.com/watch?v=u8BxVzRG9bE,2,5,Semantics3,0:00,1:12,0.50,2.00,2
Enokku Oru Girlfriend,https://www.youtube.com/watch?v=Y61x3x8fiSM,3,1,Groom Solo,0:09,1:20,0.50,2.00,1
Ennodu Laila,https://www.youtube.com/watch?v=dlC6A3MplMo,3,2,Groom Solo,0:23,,0.50,2.00,2
Kalarasiga,https://www.youtube.com/watch?v=hQc36oOO1tE,3,2,Bride Solo,0:00,1:50,0.50,2.00,1
Narumugaye,https://www.youtube.com/watch?v=H6Ai2UFqj0o,3,3,Couple Dance,0:00,2:41,0.50,2.00,1
Kummi Adi,https://www.youtube.com/watch?v=uXh0YfkdB0s,3,3,Couple Dance,0:24,3:21,0.50,2.00,2
